{"cameraMode":{"drawMode":0,"name":"Shaded","section":"Shading Mode"},"sceneLighting":true,"audioPlay":false,"sceneViewState":{"m_AlwaysRefresh":false,"showFog":true,"showSkybox":true,"showFlares":true,"showImageEffects":true,"showParticleSystems":true,"showVisualEffectGraphs":true,"m_FxEnabled":true},"in2DMode":false,"pivot":{"x":-0.5290664434432983,"y":2.6046504974365236,"z":-2.0413804054260256},"rotation":{"x":0.0565553642809391,"y":-0.06076691672205925,"z":-0.003448926145210862,"w":-0.9965473413467407},"size":4.163456439971924,"orthographic":false}